# Name,         Type,   SubType,    Offset,     Size
# Note: if you change the phy_init or app partition offset, make sure to change the offset in Kconfig.projbuild,,,
nvs,            data,   nvs,        0x9000,     0x4000
otadata,        data,   ota,        0xd000,     0x2000
phy_init,       data,   phy,        0xf000,     0x1000
ota_0,0,      ota_0,      0x10000,    0x180000
ota_1,0,      ota_1,      0x190000,   0x180000
tuya,   data,  0xAA,  0x3b0000, 0x28000
factory_nvs,    data,   nvs,        0x3e0000,   0x4000